42ff@gmx.net
a.otto+vtun@cymes.net
a_apitz@pixelpark.com
acid@geocities.co.jp
adamkuj@gatordog.com
al@dist102.k12.il.us
aldem-vtun@aldem.net
anders@gjerlov.dk
andre@netvision.com.br
andrew.brown@kesoftware.com
andrew@rsf.com.au
aramirez@tenerife.dyndns.org
aruzsi@freemail.hu
ashleyg@uswo.net
atsushi.nakagawa@hde.co.jp
bargi@webfront.net.au
ben@alcock.com
berni@ping-net.de
bernieboy@yucom.be
bflight@taos.com
bishop@platypus.bc.ca
blalor@hcirisc.cs.binghamton.edu
brian.ginter@southern-air.com
c.niessner@arno-online.com
caosdeath@tiscalinet.it
cas@taz.net.au
casey@carter.net
cdunk@rim.net
cem.carfil@easynet.fr
chr.ordig@gmx.net
commodore64@home.com
crg@monster.gotadsl.co.uk
dacst51@pitt.edu
dale.drew@level3.com
danti@bigfoot.com
david@sourceforge.net
davidma@amazon.com
dhempler@instrumentsales.com
diedvdyk@van-dijk.net
diegoac@cyberline.com.pe
digital@stealth.net
dlech@csicorp-us.com
doctor@100z.com
dolphin6467@libero.it
dpm@flametree.com
dries@ulyssis.org
dtroyer-vtun@idlebits.com
eparker@mindsec.com
eric@onramp.ca
esatterlee@qds-corp.com
ettore@btbs.unimib.it
fabian@catamarca.rffdc.edu.ar
fifi@hax.org
flb@strathom.com
francks@remnet.fr
fresnelo@yahoo.com
g.paquette@videotron.ca
gaertner@uni-bremen.de
gary@braenet.com.au
gary@cairns.net.au
gorkab@gorkab.sanchez.com
gruz@nihs.go.jp
gs@nq.net
guus@sliepen.warande.net
hbl@triang.com.br
imanishi@kochi-kg.go.jp
imil@gcu-squad.org
imorgan@webcon.net
interbase27@terra.es
ipf@ae-solutions.com
irado@nettaxi.com
irt@cistron.nl
j.k.bijl@its.tudelft.nl
j@lumiere.net
jdiferio@wvu.edu
jelle@kalf.org
jg_robinson@yahoo.com
jim@ntlp.com
jlesaint@nerim.net
joe.gainey@autotrader.com
joe@deserted.net
joel@iwcenter.com
john.moore@fvrl.bc.ca
john.nekman@image.dk
jorgen.hagg@axis.com
josh.howlett@bris.ac.uk
joshua@redhat.com
jpdupont@jpdupont.net
jpg@rcom.com.ar
jpp@frws.com
jschiavon@hatch.ca
julekw@laser.pl
justin@mac.com
kala2@ircnet.ee
karl@maxim.ca
kava@internet.nhk.or.jp
kevin@labsysgrp.com
khadley@pacbell.net
kilroy@kamakiriad.com
ktsin@acm.org
lachenal@nwc.fr
laurent@centauri.be
lcottin@industrysuppliers.com
leo@strike.wu-wien.ac.at
list@milou.lan24.com
lists@bagel.gen.nz
lists@lina.inka.de
lonnie_cumberland@yahoo.com
lt@isac.dk
ltemplin@leonine.com
lynx@luchs.at
lyra@pop-pr.rnp.br
mace@darksilence.net
macleajb@ednet.ns.ca
madsp@miba.auc.dk
mains@acom-net.dk
marcolz@stack.nl
marian.jancar@infonet.cz
mark.merner@wwoffset.com
markm@silverbacktech.com
marko1@on.aibn.com
marnat@operamail.com
marshev@acm.org
martin@ibuildings.net
mattias@ahnberg.pp.se
max_mk@yahoo.com
maxk@qualcomm.com
mcg@condat.de
mehdi.melhaa@fr.clientlogic.com
mgarridoe@lab.romeroey.com.ec
mgiammarco@infinito.it
mh@designassembly.de
miahg@wrox.com
michael_scholl@ctsius.com
michel@tech2000.qc.ca
mikael@portalbolaget.com
milencho@green.digsys.bg
misiek@pld.org.pl
miyoshi@hct.zaq.ne.jp
mjt@tls.msk.ru
mk+vtun@kiilerich.com
ml@centromultimediale.it
ml@epact.se
mongrel@mindless.com
mourad@aquazul.com
mrothwell@interlan.net
mspencer@neo.rr.com
myers@fil.org
myevmenk@digisle.com
n.vieira@home.com
nasrot@secondwave.cz
neilson@predialnet.com.br
nic-lists@plumtree.co.nz
nicola@pinna.cx
nobby@po.ntts.co.jp
noop@nwonknu.org
olivier.bornet@smartdata.ch
ovidiu@library.utt.ro
parazitto@graffiti.net
paulc@wickedawesome.net
pete@fernonorden.com
peter@flatrock.com
ph.schmid@gmx.at
phr@image.dk
poopu@enejr.uos.ac.kr
ppruebita@cyberline.com.pe
pr1v8@t4.sk
psi@comcept.ab.ca
rakarra@pacbell.net
ralf@sturhan.de
rawlincl@pacbell.net
renzmann@gmx.de
rgoer@rgoer.candle.com
rguyom@pobox.com
richard@earthmen.com
rob@di.nl
rpotter@rpcs.net
rryan@ryanis.net
rschiavon@rocketmail.com
rsrose@netonestop.net
rtausend@cybernet.de
ryan@fury.to
ryand@mobiletel.com
sam@flatrock.com
sandro.dentella@mi.infn.it
satix@office.satix.net
sbeyer@yesvirginia.org
schvin@schvin.net
scott.dudley@freewwweb.com
sdean@cs.utah.edu
seaton@gateway.net.au
serfau@artnet.com.br
sgunderson@bigfoot.com
shilling@21cn.com
skin_pup@shitbomb.com
spaceman@buy.pl
spacepig@gmx.net
sparky@sputnik7.com
spuhr@gmx.de
sstallbaum@ichat.com
stanb@awod.com
sten.gunterberg@ergon.ch
sven@totalfinans.dk
syncman@sina.com
szymon@sm.pl
talby@trap.mtview.ca.us
talmon_reiss@kerenix.com
tbulger@ea.com
technoir@linux.com
tedt@seaside.co.jp
terje@thinksec.no
theago@gmx.net
thierry.mallard@idealx.com
thomas.plant@lvh.it
tife.chan@adsociety.com
tim@nethinking.net
tomaz.borstnar@over.net
tornado@linuxfromscratch.org
twinsen@ampr.gliwice.pl
urbi@portissimo.hu
valdas@intermaks.lt
veno@evrocom.bg
vpn@huajie.dyndns.org
vtun@ipsware.com
vtun@lists.bikeworld.com
vtun@radiowan.net.au
vtun@smaal.demon.nl
vtun@thewrittenword.com
vtun@utcorp.com
vtunnel@cabler.com
wahlahg18@yahoo.com
wd3@cec.wustl.edu
weiss@systime.de
whamilton@wmrls.org
whoisyourdaddy@imag.net
wwlists@intraceptives.com.au
xavier@bru-noc.net
xavier@rootshell.be
xerox@web1.httpd.net
yamamoto.hiroshi@nakashima.co.jp
yri@otard-s.ru
zappo@ttm.bg
zimage@delbg.com
aaron.buhr@intetech.com
aditya@che.iitb.ac.in
agarcia@dinamic.com
andy@ple.org
andy@secuteam.com
ashvin@acm.org
bad@wireless.net
bf@pool.informatik.rwth-aachen.de
bjorgens@packetengines.com
bjornarn@studpors.hit.no
bobz@volny.cz
bsmith@aracnet.com
cheewai@cs.ust.hk
clarke@olotek.com
clesiak@env.licor.com
control@askardent.com
corey@nefco.ca
cparker@cparker.tv
dag@mind.be
daktrustcentre@aol.com
damason@redshift.com
dan@bravenet.com
dario.gerosa@sysline-group.it
divesteve@sinainet.com.eg
elnfrov@eln.ericsson.se
ewen@dinamic.com
fralic@borg.cs.dal.ca
galmague@almaguer.com.mx
gateway@image.dk
geustace@godzone.net.nz
ggrota@tiscalinet.it
gleggans@therural.net
greg@aftech.net
groffj@neocoretechs.com
gsoft@gcstech.net
ilicb@eunet.yu
ivo@csp.org.by
jacopo@silva.net
jarmo@arwidson.fi
jd@echelonnet.net
jirka@chorche.cz
jmr1@image.dk
jpeterson@romanmealmilling.com
jrickman@lcimedia.com
jwb@homer.att.com
kjbaker@mediaone.net
kmauz@gmx.de
kokhong@dolphinss.com
ktimm@rackspace.com
leo@dicea.unifi.it
linux@basing.si
luke@the-web-ac.com
metzg007@tc.umn.edu
micfuc@sorrento.argosid.it
miksib2000@yahoo.it
mmccarri@apti.com
mnovo@redisis.com
mrybarski@shellvacationsllc.com
nicko@ipinc.com
pandrews@bellatlantic.net
pcolsen@draper.com
peter@isab.se
peterc@pbc.ottawa.on.ca
prkothan@cisco.com
raven@ravensloft.net
rcoates@bigpond.net.au
repairs@buffalowelding.com
romadinov@scph.mipt.ru
ronan@gnassoc.com
sam@annesam.com
scat@kviuz2.kiev.ua
sidney@assix.com.br
simon.fawcett@smart.uk.com
simon.munro@fastbase.co.nz
simona@lweb.net
speedway@qwest.net
sspies@spiesweb.homeip.net
stefano@santoro.org
t.reinders@chello.nl
td@bzd.de
thomas.vanoverbeke@advalvas.be
trevor@hummel.net
tstevenson@maverik.com
urgrue@tumsan.fi
vidal@euibbs.upv.es
wswsws@163.net
yasantha@mindspring.com

